Address,Distance
Alaknanda,0.718852291
Alaknanda,0.648346543
Alaknanda,0.585686875
Alaknanda,0.611685585
Alaknanda,0.447766099
Alaknanda,0.433124543
Alaknanda,0.295026741
Alaknanda,0.422297948
Alaknanda,0.81276119
Alaknanda,0.432263612
Alaknanda,0.439292671
Alaknanda,0.626503112
Alaknanda,0.728627485
Alaknanda,0.358319955
Alaknanda,0.140129533
Alaknanda,0.402483155
Alaknanda,0.492237759
Alaknanda,0.293579992
Alaknanda,0.509885872
Alaknanda,0.355653921
Alaknanda,0.495167324
Alaknanda,0.335659829
Alaknanda,0.542198337
Alaknanda,0.707568381
Alaknanda,0.478010348
Alaknanda,0.411593184
Alaknanda,0.614345558
Alaknanda,0.614345558
Alaknanda,0.614345558
Alaknanda,0.542198337
Alaknanda,0.575630685
Alaknanda,0.163818867
Alaknanda,0.718852291
Alaknanda,0.648346543
Alaknanda,0.717983252
Alaknanda,0.585686875
Alaknanda,0.611685585
Alaknanda,0.447766099
Alaknanda,0.433124543
Alaknanda,0.295026741
Alaknanda,0.422297948
Alaknanda,0.81276119
Alaknanda,0.432263612
Alaknanda,0.439292671
Alaknanda,0.626503112
Alaknanda,0.728627485
Alaknanda,0.358319955
Alaknanda,0.140129533
Alaknanda,0.402483155
Alaknanda,0.492237759
Alaknanda,0.293579992
Alaknanda,0.509885872
Alaknanda,0.355653921
Alaknanda,0.495167324
Alaknanda,0.335659829
Alaknanda,0.542198337
Alaknanda,0.707568381
Alaknanda,0.478010348
Alaknanda,0.411593184
Alaknanda,0.614345558
Alaknanda,0.614345558
Alaknanda,0.614345558
Alaknanda,0.542198337
Alaknanda,0.575630685
Alaknanda,0.163818867
Anand Vihar,0.387971626
Anand Vihar,0.563738815
Anand Vihar,0.710677306
Anand Vihar,0.516369192
Anand Vihar,0.604189787
Anand Vihar,0.635531049
Anand Vihar,0.46319124
Anand Vihar,0.470780061
Begum Pur,0.074325684
Begum Pur,0.074325684
Begum Pur,0.074325684
Begum Pur,0.074325684
Begum Pur,0.074325684
Begum Pur,0.074325684
Begum Pur,0.546503629
Begum Pur,0.074325684
Begum Pur,0.074325684
Begum Pur,0.074325684
Begum Pur,0.564215284
Begum Pur,0.782723797
Begum Pur,0.951964618
Begum Pur,0.717726826
Begum Pur,0.475841743
Begum Pur,0.398485266
Begum Pur,0.398485266
Begum Pur,0.398485266
Chhattarpur,0.340503602
Chhattarpur,0.391309033
Chhattarpur,0.410363478
Chhattarpur,0.422195534
Chhattarpur,0.411786841
Chhattarpur,0.326760896
Chhattarpur,0.391385918
Chhattarpur,0.321710096
Chhattarpur,0.433839926
Chhattarpur,0.553057993
Chhattarpur,0.458925979
Chhattarpur,0.524998444
Chhattarpur,0.403030178
Chhattarpur,0.455915678
Chhattarpur,0.284090868
Chhattarpur,0.322782581
Chhattarpur,0.423174621
Chhattarpur,0.227533991
Chhattarpur,0.279219861
Chhattarpur,0.351481547
Chhattarpur,0.276927412
Chhattarpur,0.428306894
Chhattarpur,0.288436406
Chhattarpur,0.297751023
Chhattarpur,0.621164642
Chhattarpur,0.485124191
Chhattarpur,0.301480493
Chhattarpur,0.239766882
Chhattarpur,0.691937966
Chhattarpur,0.674795747
Chhattarpur,0.386725908
Chhattarpur,0.517512645
Chhattarpur,0.523091803
Chhattarpur,0.211718236
Chhattarpur,0.353907726
Chhattarpur,0.397837336
Chhattarpur,0.51703194
Chhattarpur,0.404069366
Chhattarpur,0.9607699
Chhattarpur,0.831940167
Chhattarpur,0.519346541
Chhattarpur,0.578906552
Chhattarpur,0.452908751
Chhattarpur,0.355171466
Chhattarpur,0.108674843
Chhattarpur,0.367670157
Chhattarpur,0.330718436
Chhattarpur,0.324867293
Chhattarpur,1.02814476
Chhattarpur,0.967718733
Chhattarpur,0.940702335
Chhattarpur,0.622362972
Chhattarpur,0.278856069
Chittaranjan Park,0.782723797
Chittaranjan Park,0.782723797
Chittaranjan Park,0.806170314
Chittaranjan Park,0.738540216
Chittaranjan Park,0.633041246
Chittaranjan Park,0.536570808
Chittaranjan Park,0.633041246
Chittaranjan Park,0.55752354
Chittaranjan Park,0.633041246
Chittaranjan Park,0.647976838
Chittaranjan Park,0.651024229
Chittaranjan Park,0.782723797
Chittaranjan Park,0.782723797
Chittaranjan Park,0.539020512
Chittaranjan Park,0.640917947
Chittaranjan Park,0.782723797
Chittaranjan Park,0.782723797
Chittaranjan Park,0.782723797
Chittaranjan Park,0.782723797
Chittaranjan Park,0.647017232
Chittaranjan Park,0.67980407
Chittaranjan Park,0.332037934
Chittaranjan Park,0.521432251
Chittaranjan Park,0.986166703
Chittaranjan Park,0.986166703
Chittaranjan Park,0.33068419
Chittaranjan Park,0.975065768
Chittaranjan Park,0.356184573
Chittaranjan Park,0.829209988
Chittaranjan Park,1.148204761
Chittaranjan Park,0.833441605
Chittaranjan Park,0.835481777
Chittaranjan Park,0.221837355
Chittaranjan Park,0.293275281
Chittaranjan Park,0.30301894
Chittaranjan Park,1.488288616
Chittaranjan Park,0.175678822
Chittaranjan Park,0.197617387
Chittaranjan Park,0.074325684
Chittaranjan Park,0.869808238
Chittaranjan Park,0.862100008
Chittaranjan Park,0.755709242
Chittaranjan Park,0.015030396
Chittaranjan Park,0.021138105
Chittaranjan Park,0.349349616
Chittaranjan Park,0.333953074
Chittaranjan Park,0.476788023
Chittaranjan Park,0.828821288
Chittaranjan Park,0.831500962
Chittaranjan Park,0.352746542
Chittaranjan Park,0.807815921
Chittaranjan Park,0.54538319
Chittaranjan Park,0.503932525
Dilshad Garden,1.227052463
Dilshad Garden,1.020230283
Dilshad Garden,1.063972402
Dilshad Garden,1.633434493
Dilshad Garden,1.002460386
Dilshad Garden,0.186018228
Dilshad Garden,0.788444265
Dilshad Garden,0.13358197
Dilshad Garden,1.514989082
Dilshad Garden,0.415359046
Dilshad Garden,0.511600032
Dilshad Garden,0.744003207
Dilshad Garden,1.287530557
Dilshad Garden,0.01507325
Dilshad Garden,0.613136362
Dilshad Garden,0.920423466
Dilshad Garden,0.403455487
Dilshad Garden,0.420283185
Dilshad Garden,0.647578277
Dilshad Garden,0.889623293
Dilshad Garden,1.08603813
Dilshad Garden,1.031995926
Dilshad Garden,1.447170398
Dilshad Garden,0.707765042
Dilshad Garden,0.519485516
Dilshad Garden,0.523818313
Dilshad Garden,0.605626828
Dilshad Garden,0.3506989
Dilshad Garden,1.871722464
Dilshad Garden,1.267437319
Dwaraka Sub City,0.656523522
Dwaraka Sub City,0.354373333
Dwaraka Sub City,1.403852606
Dwaraka Sub City,1.474329426
Dwaraka Sub City,1.476277486
Dwaraka Sub City,1.458290204
Dwaraka Sub City,1.498433146
Dwaraka Sub City,1.469049844
Dwaraka Sub City,1.438500768
Dwaraka Sub City,1.436648959
Dwaraka Sub City,0.213451033
Dwaraka Sub City,0.745266651
Dwaraka Sub City,0.656523522
Dwaraka Sub City,0.656523522
Dwaraka Sub City,0.656523522
Dwaraka Sub City,0.656523522
Dwaraka Sub City,0.554906141
Dwaraka Sub City,0.558740386
Dwaraka Sub City,0.541751589
Dwaraka Sub City,0.552072506
Dwaraka Sub City,0.557556506
Dwaraka Sub City,0.557517505
Dwaraka Sub City,0.875646595
Dwaraka Sub City,0.847977117
Dwaraka Sub City,0.804313016
Dwaraka Sub City,0.796299398
Dwaraka Sub City,1.36769525
Dwaraka Sub City,1.470748506
Dwaraka Sub City,0.546868527
Dwaraka Sub City,1.458702289
Dwaraka Sub City,0.821972443
Dwaraka Sub City,0.530895644
Dwaraka Sub City,0.550967224
Dwaraka Sub City,1.113025228
Dwaraka Sub City,1.101780917
Dwaraka Sub City,0.817236146
Dwaraka Sub City,0.79419016
Dwaraka Sub City,0.79419016
Dwaraka Sub City,1.470705949
Dwaraka Sub City,0.842785651
Dwaraka Sub City,0.539036517
Dwaraka Sub City,0.812556525
Dwaraka Sub City,0.324004478
Dwaraka Sub City,0.585645481
Dwaraka Sub City,1.600081831
Dwaraka Sub City,0.591877459
Dwaraka Sub City,0.831368637
Dwaraka Sub City,0.833604889
Dwaraka Sub City,0.824422825
Dwaraka Sub City,1.547000042
Dwaraka Sub City,1.540111765
Dwaraka Sub City,0.821972443
Dwaraka Sub City,0.586347164
Dwaraka Sub City,0.545738038
Dwaraka Sub City,0.546987253
Dwaraka Sub City,0.551124939
Dwaraka Sub City,0.811338132
Dwaraka Sub City,0.561517775
Dwaraka Sub City,0.574525529
Dwaraka Sub City,1.470748506
Dwaraka Sub City,1.587380013
Dwaraka Sub City,0.810518657
Dwaraka Sub City,0.812556525
Dwaraka Sub City,0.826886918
Dwaraka Sub City,0.826886918
Dwaraka Sub City,1.385210446
East Of Kailash,3.048593197
East Of Kailash,3.048593197
East Of Kailash,0.730298757
East Of Kailash,0.696605037
East Of Kailash,0.77172737
East Of Kailash,0.555874987
East Of Kailash,0.916665571
East Of Kailash,1.187107337
East Of Kailash,0.711805109
East Of Kailash,2.034690097
East Of Kailash,0.789991966
East Of Kailash,0.44496198
East Of Kailash,3.048593197
Faridabad,0.366363278
Faridabad,0.694325925
Faridabad,0.680104803
Faridabad,0.201405165
Faridabad,0.567704245
Faridabad,0.642991939
Faridabad,0.642991939
Faridabad,1.101770561
Faridabad,0.703640688
Faridabad,0.198044949
Faridabad,1.496371616
Faridabad,0.448448264
Faridabad,0.201405165
Faridabad,0.383565545
Faridabad,0.689575411
Faridabad,0.744245184
Faridabad,0.687415618
Faridabad,0.402563323
Faridabad,0.383565545
Faridabad,0.713577059
Faridabad,0.714530446
Faridabad,0.577490112
Faridabad,0.714530446
Faridabad,0.727324675
Faridabad,0.56749197
Faridabad,0.559664729
Faridabad,0.869621644
Faridabad,0.714530446
Faridabad,0.691237653
Faridabad,0.61076497
Faridabad,0.652324255
Faridabad,0.676744913
Faridabad,0.69060186
Faridabad,0.832431399
Faridabad,1.006558048
Faridabad,0.377495726
Faridabad,0.899419586
Faridabad,0.753069391
Faridabad,0.474066225
Faridabad,0.748297301
Faridabad,0.394524843
Faridabad,0.394524843
Faridabad,0.362135456
Faridabad,0.691213544
Faridabad,0.571607353
Faridabad,0.694859416
Faridabad,0.052879846
Faridabad,0.571607353
Faridabad,1.006558048
Faridabad,0.975093473
Faridabad,1.299533941
Faridabad,0.844385885
Gandhi Nagar,1.035981238
Gandhi Nagar,1.035981238
Gandhi Nagar,0.916071727
Geeta Colony,1.299533941
Geeta Colony,1.035981238
Geeta Colony,1.035981238
Geeta Colony,0.860933085
Geeta Colony,0.916071727
Greater Kailash,0.914895716
Greater Kailash,0.384512474
Greater Kailash,0.968719294
Greater Kailash,0.526715422
Greater Kailash,0.605124358
Greater Kailash,0.46930036
Greater Kailash,0.538709293
Greater Kailash,1.010692513
Greater Kailash,0.332491437
Greater Kailash,0.562246566
Greater Kailash,0.721139539
Greater Kailash,0.327579402
Greater Kailash,0.563034074
Greater Kailash,0.616719738
Greater Kailash,0.673193029
Greater Kailash,0.479531835
Greater Kailash,0.670008125
Greater Kailash,0.481067332
Greater Kailash,0.808312821
Greater Kailash,0.634363439
Greater Kailash,0.444608302
Greater Kailash,0.650680851
Greater Kailash,0.713079172
Greater Kailash,0.560813738
Greater Kailash,0.479531835
Greater Kailash,0.260915055
Greater Kailash,0.642991939
Greater Kailash,1.075062571
Greater Kailash,1.392242359
Greater Kailash,1.294215727
Greater Kailash,1.331440671
Greater Kailash,0.468337771
Greater Kailash,0.713575912
Greater Kailash,0.763913781
Greater Kailash,0.645097032
Greater Kailash,0.63573431
Greater Kailash,0.321371885
Greater Kailash,0.485510684
Greater Kailash,0.642357246
Greater Kailash,0.542036157
Greater Kailash,0.614972649
Greater Kailash,0.63471438
Greater Kailash,0.831863542
Greater Kailash,0.696326147
Greater Kailash,0.919738134
Greater Kailash,0.513740573
Greater Kailash,0.611475399
Greater Kailash,0.912634891
Greater Kailash,0.54070908
Greater Kailash,0.454169984
Greater Kailash,0.269129022
Greater Kailash,0.223230929
Greater Kailash,0.486656148
Greater Kailash,0.717346274
Greater Kailash,0.658322051
Greater Kailash,0.457196573
Greater Kailash,0.436420159
Greater Kailash,0.54070908
Greater Kailash,0.54070908
Greater Noida,0.222105607
Greater Noida,0.577490112
Greater Noida,0.714530446
Greater Noida,0.174020869
Greater Noida,0.640095351
Greater Noida,0.577490112
Greater Noida,0.21981483
Greater Noida,0.573963677
Greater Noida,0.467253428
Greater Noida,0.63727934
Greater Noida,0.718423285
Greater Noida,0.485002476
Greater Noida,0.656634489
Greater Noida,0.119197315
Greater Noida,0.718423285
Greater Noida,0.301783132
Greater Noida,0.364323019
Greater Noida,0.653733934
Greater Noida,0.467253428
Greater Noida,0.691794133
Greater Noida,0.430345322
Greater Noida,0.600167335
Greater Noida,0.600167335
Greater Noida,0.656634489
Greater Noida,0.234985169
Greater Noida,0.300646937
Greater Noida,0.656634489
Greater Noida,0.718423285
Greater Noida,0.222105607
Greater Noida,0.653733934
Greater Noida,0.364323019
Greater Noida,0.817267975
Greater Noida,0.485002476
Greater Noida,0.653733934
Greater Noida,0.485002476
Greater Noida,0.112967957
Greater Noida,0.330202559
Greater Noida,0.339001653
Greater Noida,1.006558048
Greater Noida,0.794715562
Greater Noida,1.006558048
Greater Noida,0.814372756
Greater Noida,0.595961035
Greater Noida,0.814372756
Greater Noida,0.493564087
Greater Noida,0.482342875
Greater Noida,0.482342875
Greater Noida,0.758139263
Greater Noida,0.802527974
Greater Noida,0.542293309
Greater Noida,0.418542877
Greater Noida,0.413288286
Greater Noida,0.707826012
Greater Noida,0.474133904
Greater Noida,0.49523285
Greater Noida,0.581003149
Greater Noida,0.494116553
Greater Noida,0.222105607
Greater Noida,0.577490112
Greater Noida,0.714530446
Greater Noida,0.174020869
Greater Noida,0.640095351
Greater Noida,0.577490112
Greater Noida,0.21981483
Greater Noida,0.573963677
Greater Noida,0.467253428
Greater Noida,0.63727934
Greater Noida,0.718423285
Greater Noida,0.485002476
Greater Noida,0.656634489
Greater Noida,0.119197315
Greater Noida,0.718423285
Greater Noida,0.301783132
Greater Noida,0.364323019
Greater Noida,0.653733934
Greater Noida,0.467253428
Greater Noida,0.691794133
Greater Noida,0.430345322
Greater Noida,0.600167335
Greater Noida,0.600167335
Greater Noida,0.656634489
Greater Noida,0.234985169
Greater Noida,0.300646937
Greater Noida,0.656634489
Greater Noida,0.718423285
Greater Noida,0.222105607
Greater Noida,0.653733934
Greater Noida,0.364323019
Greater Noida,0.817267975
Greater Noida,0.485002476
Greater Noida,0.653733934
Greater Noida,0.485002476
Greater Noida,0.112967957
Greater Noida,0.330202559
Greater Noida,0.339001653
Greater Noida,1.006558048
Greater Noida,0.794715562
Greater Noida,1.006558048
Greater Noida,0.814372756
Greater Noida,0.595961035
Greater Noida,0.814372756
Greater Noida,0.493564087
Greater Noida,0.482342875
Greater Noida,0.482342875
Greater Noida,0.758139263
Greater Noida,0.802527974
Greater Noida,0.542293309
Greater Noida,0.418542877
Greater Noida,0.413288286
Greater Noida,0.707826012
Greater Noida,0.474133904
Greater Noida,0.49523285
Greater Noida,0.581003149
Greater Noida,0.494116553
Greater Noida,0.222105607
Greater Noida,0.577490112
Greater Noida,0.714530446
Greater Noida,0.174020869
Greater Noida,0.640095351
Greater Noida,0.577490112
Greater Noida,0.21981483
Greater Noida,0.573963677
Greater Noida,0.467253428
Greater Noida,0.63727934
Greater Noida,0.718423285
Greater Noida,0.485002476
Greater Noida,0.656634489
Greater Noida,0.119197315
Greater Noida,0.718423285
Greater Noida,0.301783132
Greater Noida,0.364323019
Greater Noida,0.653733934
Greater Noida,0.467253428
Greater Noida,0.691794133
Greater Noida,0.430345322
Greater Noida,0.600167335
Greater Noida,0.600167335
Greater Noida,0.656634489
Greater Noida,0.234985169
Greater Noida,0.300646937
Greater Noida,0.656634489
Greater Noida,0.718423285
Greater Noida,0.222105607
Greater Noida,0.653733934
Greater Noida,0.364323019
Greater Noida,0.817267975
Greater Noida,0.485002476
Greater Noida,0.653733934
Greater Noida,0.485002476
Greater Noida,0.112967957
Greater Noida,0.330202559
Greater Noida,0.339001653
Greater Noida,1.006558048
Greater Noida,0.794715562
Greater Noida,1.006558048
Greater Noida,0.814372756
Greater Noida,0.595961035
Greater Noida,0.814372756
Greater Noida,0.493564087
Greater Noida,0.482342875
Greater Noida,0.482342875
Greater Noida,0.758139263
Greater Noida,0.802527974
Greater Noida,0.542293309
Greater Noida,0.418542877
Greater Noida,0.413288286
Greater Noida,0.707826012
Greater Noida,0.474133904
Greater Noida,0.49523285
Greater Noida,0.581003149
Greater Noida,0.494116553
Greater Noida,0.49523285
Greater Noida,0.581003149
Greater Noida,0.494116553
Greater Noida,0.467253428
Greater Noida,0.63727934
Greater Noida,0.718423285
Greater Noida,0.485002476
Greater Noida,0.656634489
Greater Noida,0.119197315
Greater Noida,0.718423285
Greater Noida,0.301783132
Greater Noida,0.364323019
Greater Noida,0.653733934
Greater Noida,0.467253428
Greater Noida,0.691794133
Greater Noida,0.430345322
Greater Noida,0.600167335
Greater Noida,0.600167335
Greater Noida,0.656634489
Greater Noida,0.234985169
Greater Noida,0.300646937
Greater Noida,0.656634489
Greater Noida,0.718423285
Greater Noida,0.222105607
Greater Noida,0.653733934
Greater Noida,0.364323019
Greater Noida,0.817267975
Greater Noida,0.485002476
Greater Noida,0.653733934
Greater Noida,0.485002476
Greater Noida,0.112967957
Greater Noida,0.330202559
Greater Noida,0.339001653
Greater Noida,1.006558048
Greater Noida,0.794715562
Greater Noida,1.006558048
Greater Noida,0.814372756
Greater Noida,0.595961035
Greater Noida,0.814372756
Greater Noida,0.493564087
Greater Noida,0.482342875
Greater Noida,0.482342875
Greater Noida,0.758139263
Greater Noida,0.802527974
Greater Noida,0.542293309
Greater Noida,0.418542877
Greater Noida,0.413288286
Greater Noida,0.707826012
Greater Noida,0.474133904
Greater Noida,0.49523285
Greater Noida,0.581003149
Greater Noida,0.494116553
Greater Noida,0.49523285
Greater Noida,0.581003149
Greater Noida,0.494116553
Greater Noida,1.006558048
Greater Noida,0.794715562
Greater Noida,1.006558048
Greater Noida,0.814372756
Greater Noida,0.595961035
Gurgaon,0.479531835
Gurgaon,0.666118051
Gurgaon,0.670275289
Gurgaon,0.714494024
Gurgaon,0.716047822
Gurgaon,0.632619676
Gurgaon,0.694910754
Gurgaon,0.641672004
Gurgaon,0.472315202
Gurgaon,0.547676971
Gurgaon,0.745760127
Gurgaon,0.526282018
Gurgaon,0.600216854
Gurgaon,0.636054662
Gurgaon,0.629738552
Gurgaon,0.579554159
Gurgaon,0.623765184
Gurgaon,0.711220606
Gurgaon,0.66072845
Gurgaon,0.688499993
Gurgaon,0.727037439
Gurgaon,0.740613672
Gurgaon,0.714012445
Gurgaon,1.499980284
Gurgaon,0.643131589
Gurgaon,0.637633995
Gurgaon,0.502500077
Gurgaon,0.682495197
Gurgaon,0.655887069
Gurgaon,0.639591663
Gurgaon,0.442044747
Gurgaon,0.354286273
Gurgaon,0.710354181
Gurgaon,0.68723166
Gurgaon,0.621542153
Gurgaon,0.671867428
Gurgaon,0.598028336
Gurgaon,0.601761813
Gurgaon,0.455913859
Gurgaon,0.602451744
Gurgaon,0.521884432
Gurgaon,0.66570762
Gurgaon,0.670610376
Gurgaon,0.632587292
Gurgaon,0.499019923
Gurgaon,0.554280062
Gurgaon,0.553464454
Gurgaon,0.705026905
Gurgaon,0.690360235
Gurgaon,0.563947051
Gurgaon,0.69406222
Gurgaon,0.63654435
Gurgaon,0.795594597
Gurgaon,0.635655187
Gurgaon,0.732181525
Gurgaon,0.641388383
Gurgaon,0.672445075
Gurgaon,0.528325374
Gurgaon,0.737672836
Gurgaon,1.331034762
Gurgaon,1.310931529
Gurgaon,1.077641406
Gurgaon,3.048593197
Gurgaon,3.048593197
Gurgaon,1.886316281
Gurgaon,3.048593197
Gurgaon,3.048593197
Gurgaon,3.048593197
Gurgaon,3.048593197
Gurgaon,0.631564673
Gurgaon,0.460896749
Gurgaon,0.699573339
Gurgaon,1.216664328
Gurgaon,0.567290242
Gurgaon,0.432446083
Gurgaon,0.42103705
Gurgaon,0.050382226
Gurgaon,0.649139606
Gurgaon,0.809012809
Gurgaon,0.275064206
Gurgaon,0.809012809
Gurgaon,0.84385663
Gurgaon,0.660421946
Gurgaon,1.006558048
Gurgaon,0.275064206
Gurgaon,0.493564087
Gurgaon,0.809012809
Gurgaon,0.275064206
Gurgaon,0.809012809
Gurgaon,0.482342875
Gurgaon,0.809012809
Gurgaon,0.482342875
Hauz Khas,0.482342875
Hauz Khas,0.247417545
Hauz Khas,0.247417545
Hauz Khas,0.84385663
Hauz Khas,0.84385663
Hauz Khas,0.660421946
Hauz Khas,0.482342875
Hauz Khas,0.482342875
Hauz Khas,0.849032073
Hauz Khas,0.895652552
Hauz Khas,0.299753702
Hauz Khas,0.814372756
Hauz Khas,1.012888679
Hauz Khas,0.809012809
Hauz Khas,0.809012809
Hauz Khas,0.809012809
Hauz Khas,0.269444377
Hauz Khas,0.684494167
Hauz Khas,1.990471337
Hauz Khas,1.012888679
Hauz Khas,0.489947715
Hauz Khas,0.482342875
Hauz Khas,1.012888679
Hauz Khas,0.809012809
Hauz Khas,0.814372756
Hauz Khas,0.584131493
Hauz Khas,0.731537617
Hauz Khas,0.482342875
Hauz Khas,0.32139638
Hauz Khas,1.012888679
Janakpuri,0.423949762
Janakpuri,0.423949762
Janakpuri,0.973293654
Janakpuri,0.19362119
Janakpuri,0.737589838
Janakpuri,0.66444018
Janakpuri,0.652785742
Janakpuri,0.887002009
Janakpuri,0.682285873
Janakpuri,0.768307957
Janakpuri,0.819292405
Janakpuri,0.652701312
Janakpuri,0.702326385
Janakpuri,0.683328805
Janakpuri,0.660894453
Janakpuri,0.735069572
Janakpuri,2.305934038
Janakpuri,0.657956083
Janakpuri,1.048391601
Janakpuri,0.520601541
Janakpuri,0.743643064
Janakpuri,0.423949762
Janakpuri,0.813403646
Janakpuri,0.860933085
Janakpuri,0.860933085
Janakpuri,0.734031141
Janakpuri,0.702642243
Janakpuri,0.697819031
Janakpuri,0.694547697
Janakpuri,0.811019364
Janakpuri,0.811019364
Janakpuri,0.973293654
Janakpuri,0.811019364
Janakpuri,0.81827171
Janakpuri,0.973293654
Janakpuri,0.811019364
Janakpuri,0.811019364
Janakpuri,0.811019364
Janakpuri,0.973293654
Janakpuri,0.811019364
Janakpuri,0.811019364
Janakpuri,0.827185658
Janakpuri,0.811019364
Janakpuri,0.811019364
Janakpuri,0.811019364
Janakpuri,0.811019364
Janakpuri,0.811019364
Janakpuri,0.811019364
Janakpuri,0.811019364
Janakpuri,0.811019364
Janakpuri,1.299533941
Janakpuri,3.048593197
Kailash Colony,1.654053349
Kailash Colony,1.34782789
Kailash Colony,1.338269088
Kalkaji,0.821418435
Kalkaji,0.832954012
Kalkaji,0.829088872
Kalkaji,0.68591033
Kalkaji,0.819059122
Kalkaji,0.819902764
Kalkaji,0.806403287
Kalkaji,0.833824219
Kalkaji,0.817386121
Kalkaji,0.833800066
Kalkaji,0.928711388
Kalkaji,0.834170607
Kalkaji,0.82915781
Kalkaji,0.490120997
Kalkaji,0.833353477
Kalkaji,0.821910972
Kalkaji,0.611367121
Kalkaji,0.693567491
Kalkaji,0.714530446
Kalkaji,0.612667113
Kalkaji,0.675501798
Kalkaji,0.664632432
Kalkaji,0.680944379
Kalkaji,0.509860702
Kalkaji,0.40285883
Kalkaji,0.837793132
Kalkaji,0.669213034
Kalkaji,0.762492319
Kalkaji,0.860933085
Kalkaji,0.860933085
Kalkaji,0.798260275
Kalkaji,0.623530611
Kalkaji,0.860933085
Kalkaji,0.860933085
Kalkaji,0.623530611
Kalkaji,0.973293654
Kalkaji,0.860933085
Kalkaji,0.973293654
Kalkaji,0.623530611
Kalkaji,0.853706565
Kalkaji,0.650653212
Kalkaji,0.570725863
Kalkaji,0.429574403
Kalkaji,0.549538393
Kalkaji,0.958448184
Kalkaji,1.11453903
Kalkaji,0.90065117
Kalkaji,0.735194938
Kalkaji,0.675783536
Kalkaji,0.389336089
Karampura,0.362990087
Karampura,0.844768631
Karampura,0.704687795
Karampura,0.691017833
Karampura,0.533071572
Karampura,0.612115877
Karampura,0.645804075
Karol Bagh,0.365196729
Karol Bagh,0.81361763
Karol Bagh,0.272435426
Karol Bagh,0.55197947
Karol Bagh,0.761524668
Karol Bagh,0.729184004
Karol Bagh,0.230701642
Karol Bagh,0.112084661
Karol Bagh,0.968719294
Karol Bagh,0.112084661
Karol Bagh,0.564333247
Karol Bagh,0.623530611
Karol Bagh,0.414982582
Karol Bagh,0.860933085
Karol Bagh,0.860933085
Karol Bagh,0.860933085
Karol Bagh,0.860933085
Karol Bagh,0.162774647
Karol Bagh,0.860933085
Karol Bagh,0.860933085
Karol Bagh,0.860933085
Karol Bagh,0.935190856
Karol Bagh,0.860933085
Karol Bagh,0.626928851
Karol Bagh,0.665139717
Karol Bagh,0.763738067
Karol Bagh,0.536635633
Karol Bagh,0.830220826
Karol Bagh,0.734761633
Karol Bagh,0.78692517
Karol Bagh,0.804051754
Karol Bagh,0.829402312
Karol Bagh,0.744076116
Karol Bagh,1.395434922
Karol Bagh,1.388083189
Karol Bagh,1.451062745
Karol Bagh,1.237664648
Karol Bagh,1.292706898
Karol Bagh,1.312212955
Kirti Nagar,1.62117862
Kirti Nagar,1.621832227
Kirti Nagar,1.947480791
Kirti Nagar,1.961316825
Kirti Nagar,2.136766884
Kirti Nagar,1.962989612
Kirti Nagar,1.53279621
Kirti Nagar,1.949819
Kirti Nagar,1.952323579
Kirti Nagar,1.886018089
Kirti Nagar,1.89481099
Kirti Nagar,1.914143986
Kirti Nagar,1.849016547
Kirti Nagar,1.868450345
Kirti Nagar,1.853401529
Kirti Nagar,1.331440671
Kirti Nagar,1.97266744
Kirti Nagar,0.237439024
Kirti Nagar,0.484735799
Kirti Nagar,0.479531835
Kirti Nagar,0.487334729
Kirti Nagar,0.405859233
Kirti Nagar,0.952973809
Kirti Nagar,0.704141274
Kirti Nagar,0.673754024
Kirti Nagar,1.006558048
Kirti Nagar,0.405569633
Kirti Nagar,0.899419586
Kirti Nagar,0.677532946
Kirti Nagar,0.814372756
Lajpat Nagar,0.405569633
Lajpat Nagar,0.405569633
Lajpat Nagar,3.048593197
Lajpat Nagar,0.405569633
Lajpat Nagar,0.405569633
Lajpat Nagar,0.973293654
Lajpat Nagar,0.715327523
Lajpat Nagar,0.223209269
Lajpat Nagar,0.715327523
Lajpat Nagar,1.006558048
Lajpat Nagar,1.006558048
Lajpat Nagar,1.006558048
Lajpat Nagar,0.274929512
Lajpat Nagar,0.366118277
Lajpat Nagar,0.814372756
Lajpat Nagar,1.006558048
Lajpat Nagar,0.262804378
Lajpat Nagar,0.725172187
Lajpat Nagar,0.275438978
Lajpat Nagar,0.725172187
Lajpat Nagar,0.80212831
Lajpat Nagar,0.721361992
Lajpat Nagar,0.721361992
Lajpat Nagar,0.37015189
Lajpat Nagar,0.950139388
Lajpat Nagar,1.012888679
Lajpat Nagar,0.857579117
Lajpat Nagar,0.996537021
Lajpat Nagar,0.172180778
Lajpat Nagar,0.482342875
Lajpat Nagar,0.571607353
Lajpat Nagar,0.482342875
Lajpat Nagar,0.814372756
Lajpat Nagar,0.494116553
Lajpat Nagar,0.488563414
Lajpat Nagar,0.480375903
Lajpat Nagar,1.006558048
Lajpat Nagar,1.257985883
Lajpat Nagar,0.967793985
Lajpat Nagar,0.450356764
Lajpat Nagar,0.450356764
Lajpat Nagar,1.253041417
Lajpat Nagar,1.477948254
Lajpat Nagar,0.298627657
Lajpat Nagar,0.844768631
Lajpat Nagar,0.553518754
Lajpat Nagar,0.213980028
Lajpat Nagar,0.532314072
Lajpat Nagar,0.570725863
Lajpat Nagar,0.942098088
Lajpat Nagar,0.467253428
Lajpat Nagar,0.577490112
Lajpat Nagar,0.694841508
Lajpat Nagar,0.467253428
Lajpat Nagar,1.479104218
Lajpat Nagar,0.464577661
Lajpat Nagar,0.198300369
Lajpat Nagar,1.327172882
Lajpat Nagar,0.578887612
Lajpat Nagar,0.796620022
Lajpat Nagar,1.86547948
Lajpat Nagar,0.307113743
Lajpat Nagar,0.270176166
Lajpat Nagar,1.920421916
Lajpat Nagar,0.482342875
Lajpat Nagar,0.794715562
Lajpat Nagar,0.794715562
Lajpat Nagar,1.006558048
Lajpat Nagar,0.482342875
Lajpat Nagar,2.031767466
Lajpat Nagar,1.327975539
Lajpat Nagar,1.549183247
Lajpat Nagar,1.822611558
Lajpat Nagar,1.795965825
Lajpat Nagar,1.331440671
Lajpat Nagar,0.866962825
Lajpat Nagar,1.344492017
Lajpat Nagar,0.549615916
Lajpat Nagar,0.396725475
Lajpat Nagar,0.809012809
Lajpat Nagar,0.575363996
Lajpat Nagar,0.595961035
Lajpat Nagar,0.341320466
Lajpat Nagar,0.899181911
Lajpat Nagar,0.49523285
Lajpat Nagar,0.284097361
Lajpat Nagar,0.490300156
Lajpat Nagar,1.784281509
Lajpat Nagar,0.426816116
Lajpat Nagar,1.670953031
Lajpat Nagar,0.859443437
Lajpat Nagar,1.917444224
Lajpat Nagar,1.868354658
Lajpat Nagar,0.967399684
Lajpat Nagar,1.092192598
Laxmi Nagar,0.860933085
Laxmi Nagar,0.743013649
Laxmi Nagar,0.561956844
Laxmi Nagar,0.551942745
Laxmi Nagar,0.302795808
Laxmi Nagar,0.922571166
Laxmi Nagar,0.736232094
Laxmi Nagar,0.637677977
Laxmi Nagar,0.674826711
Laxmi Nagar,1.387348004
Laxmi Nagar,1.111726028
Laxmi Nagar,1.175326375
Laxmi Nagar,1.231351713
Laxmi Nagar,1.322468733
Laxmi Nagar,1.235632249
Laxmi Nagar,0.774392656
Laxmi Nagar,0.958560599
Laxmi Nagar,0.830522355
Laxmi Nagar,0.771664572
Laxmi Nagar,0.707965851
Laxmi Nagar,1.024687918
Laxmi Nagar,0.854999697
Laxmi Nagar,0.611433055
Laxmi Nagar,0.814372756
Laxmi Nagar,0.454931463
Laxmi Nagar,0.707965851
Laxmi Nagar,1.529545363
Laxmi Nagar,0.780244241
Laxmi Nagar,0.148883119
Laxmi Nagar,2.517512523
Laxmi Nagar,1.399856269
Laxmi Nagar,1.128294429
Laxmi Nagar,1.086153423
Laxmi Nagar,1.092185124
Laxmi Nagar,1.390771176
Laxmi Nagar,1.100920401
Laxmi Nagar,1.12039822
Laxmi Nagar,1.436182584
Laxmi Nagar,1.331440671
Laxmi Nagar,1.425466912
Laxmi Nagar,1.331440671
Malviya Nagar,1.331440671
Malviya Nagar,1.331440671
Malviya Nagar,1.331440671
Malviya Nagar,1.331440671
Malviya Nagar,1.650895125
Malviya Nagar,1.665024964
Malviya Nagar,1.331440671
Malviya Nagar,1.331440671
Malviya Nagar,1.331440671
Malviya Nagar,1.192165037
Malviya Nagar,1.331440671
Malviya Nagar,1.603103316
Malviya Nagar,1.30105107
Malviya Nagar,1.010960552
Malviya Nagar,3.048593197
Malviya Nagar,0.913511072
Malviya Nagar,0.873412699
Malviya Nagar,0.97532445
Malviya Nagar,0.877503036
Malviya Nagar,0.834533871
Malviya Nagar,0.335270505
Malviya Nagar,0.290330474
Malviya Nagar,0.606823059
Malviya Nagar,0.789434261
Malviya Nagar,0.83556115
Malviya Nagar,0.800682197
Malviya Nagar,0.140832316
Malviya Nagar,0.203502247
Malviya Nagar,0.230600646
Malviya Nagar,0.513430819
Malviya Nagar,0.901585826
Malviya Nagar,0.898381088
Malviya Nagar,0.783324609
Malviya Nagar,0.213269388
Malviya Nagar,1.900832429
Malviya Nagar,0.171157806
Malviya Nagar,0.463024821
Malviya Nagar,3.048593197
Malviya Nagar,0.884535847
Malviya Nagar,0.977298548
Malviya Nagar,3.048593197
Malviya Nagar,0.266541376
Malviya Nagar,1.610617431
Malviya Nagar,0.746773494
Malviya Nagar,0.758139263
Malviya Nagar,0.32984921
Malviya Nagar,0.37015189
Malviya Nagar,0.38129003
Malviya Nagar,1.669534819
Malviya Nagar,1.781300414
Malviya Nagar,0.138978412
Malviya Nagar,0.377676602
Malviya Nagar,0.570725863
Malviya Nagar,0.21981483
Malviya Nagar,1.365033895
Malviya Nagar,1.585791281
Malviya Nagar,1.713888291
Malviya Nagar,1.351469563
Malviya Nagar,1.38625119
Malviya Nagar,1.359980747
Mayur Vihar,1.105910646
Mayur Vihar,1.115025502
Mayur Vihar,1.082431758
Mayur Vihar,1.21312547
Mayur Vihar,1.104997702
Mayur Vihar,1.268141561
Mayur Vihar,1.303061731
Mayur Vihar,1.591476557
Mayur Vihar,1.466181164
Mayur Vihar,1.875836347
Mayur Vihar,1.270120125
Mayur Vihar,1.691360943
Mayur Vihar,1.821432684
Mayur Vihar,1.211175627
Mayur Vihar,0.20614903
Mayur Vihar,1.750962307
Mayur Vihar,0.874020024
Mayur Vihar,0.74230439
Mayur Vihar,0.511581002
Mayur Vihar,0.389289093
Mayur Vihar,0.525864079
Mayur Vihar,0.849407812
Mayur Vihar,1.145984179
Mayur Vihar,1.271576128
Mayur Vihar,0.679034716
Mehrauli,0.923992754
Mehrauli,0.817978429
Mehrauli,1.583848406
Mehrauli,1.127642664
Mehrauli,1.818017189
Mehrauli,0.480082343
Mehrauli,1.381430803
Mehrauli,0.152785618
Mehrauli,0.235897811
Mehrauli,0.045536342
Mehrauli,0.045536342
Mehrauli,0.223198395
Mehrauli,0.138696509
Mehrauli,0.215945558
Mehrauli,0.351193862
Mehrauli,0.244202637
Mehrauli,0.208992105
Mehrauli,0.059135481
Mehrauli,0.045536342
Mehrauli,0.180444926
Mehrauli,0.20243227
Mehrauli,0.234008002
Mehrauli,0.211679001
Mehrauli,0.280182361
Mehrauli,0.269459708
Mehrauli,0.134333253
Mehrauli,0.162509924
Mehrauli,0.55700211
Mehrauli,0.235897811
Mehrauli,0.045536342
Mehrauli,0.045536342
Mehrauli,0.223198395
Mehrauli,0.138696509
Mehrauli,0.215945558
Mehrauli,0.351193862
Mehrauli,0.244202637
Mehrauli,0.208992105
Mehrauli,0.059135481
Mehrauli,0.045536342
Mehrauli,0.180444926
Mehrauli,0.20243227
Mehrauli,0.234008002
Mehrauli,0.211679001
Mehrauli,0.280182361
Mehrauli,0.269459708
Mehrauli,0.134333253
Mehrauli,0.162509924
Moti Nagar,0.277659949
Moti Nagar,0.211679001
Moti Nagar,0.31554784
Moti Nagar,0.407152465
Moti Nagar,1.252098495
Moti Nagar,0.825868866
Moti Nagar,1.941847329
Moti Nagar,0.74241971
Moti Nagar,1.127642664
Moti Nagar,0.411198852
Moti Nagar,0.309996288
Moti Nagar,0.168683593
Moti Nagar,0.275445889
Moti Nagar,0.211679001
Moti Nagar,0.533862758
Moti Nagar,2.227514538
Moti Nagar,1.185919633
Moti Nagar,1.784237095
Moti Nagar,0.852864037
Moti Nagar,1.931730858
Moti Nagar,0.30609784
Moti Nagar,0.255198452
Narela,0.447220733
Narela,0.07166602
Narela,0.045536342
Narela,0.045536342
Narela,0.053054953
Narela,0.272707616
Narela,0.201187434
Narela,0.210300898
Narela,0.322535
Narela,0.045536342
Narela,0.399414931
Narela,0.3676264
Narela,0.376318103
Narela,0.462224484
Narela,0.209111007
Narela,1.784237095
Narela,0.461076736
Narela,1.317992803
Narela,1.086869461
Narela,0.409280318
Narela,1.904290311
Narela,0.447220733
Narela,0.07166602
Narela,0.045536342
Narela,0.045536342
Narela,0.053054953
Narela,0.272707616
Narela,0.201187434
Narela,0.210300898
Narela,0.322535
New Friends Colony,0.289759209
New Friends Colony,1.234022968
New Friends Colony,0.4995452
New Friends Colony,1.001626264
New Friends Colony,1.001626264
New Friends Colony,0.284213899
New Friends Colony,0.289759209
New Friends Colony,0.289759209
New Friends Colony,0.4995452
New Friends Colony,0.4995452
New Friends Colony,0.009936843
New Friends Colony,1.821762773
New Friends Colony,0.76153001
New Friends Colony,0.302362008
New Friends Colony,0.289759209
New Friends Colony,1.099521593
New Friends Colony,0.629445937
New Friends Colony,0.034433336
New Friends Colony,0.279378034
New Friends Colony,1.172812615
New Friends Colony,1.172812615
New Friends Colony,1.172812615
New Friends Colony,1.172812615
New Friends Colony,1.172812615
New Friends Colony,1.172812615
New Friends Colony,1.172812615
New Friends Colony,1.172812615
New Friends Colony,1.172812615
New Friends Colony,1.180370966
New Friends Colony,2.153096938
New Friends Colony,1.172812615
New Friends Colony,1.172812615
New Friends Colony,1.172812615
New Friends Colony,1.172812615
New Friends Colony,1.172812615
New Friends Colony,1.172812615
New Friends Colony,1.172812615
New Friends Colony,1.172812615
New Friends Colony,0.693361325
New Friends Colony,0.431209702
Noida,2.175980994
Noida,0.581024198
Noida,1.252199716
Noida,1.172812615
Noida,0.699355989
Noida,1.283501038
Noida,0.569823241
Noida,0.582086587
Noida,1.618127708
Noida,0.699355989
Noida,0.016268258
Noida,1.177493502
Noida,1.112256569
Noida,1.317992803
Noida,1.797342968
Noida,0.00911269
Noida,0.016268258
Noida,1.093567732
Noida,0.29486937
Noida,2.019944073
Noida,0.752481685
Noida,0.951694614
Noida,1.160488608
Noida,1.17609014
Noida,1.156360335
Noida,1.101744693
Noida,0.006295009
Noida,0.289759209
Noida,0.289759209
Noida,2.175980994
Noida,0.581024198
Noida,1.252199716
Noida,1.172812615
Noida,0.699355989
Noida,1.283501038
Noida,0.569823241
Noida,0.582086587
Noida,1.618127708
Noida,0.699355989
Noida,0.016268258
Noida,1.177493502
Noida,1.112256569
Noida,1.317992803
Noida,1.797342968
Noida,0.00911269
Noida,0.016268258
Noida,1.093567732
Noida,0.29486937
Noida,2.019944073
Noida,0.752481685
Noida,0.951694614
Noida,1.160488608
Noida,1.17609014
Noida,1.156360335
Noida,1.101744693
Noida,0.006295009
Noida,0.289759209
Noida,0.289759209
Noida,1.101744693
Noida,0.006295009
Noida,0.289759209
Noida,0.289759209
Okhla,0.499064788
Okhla,1.450034148
Okhla,1.33458825
Okhla,0.991572597
Okhla,0.736520361
Okhla,0.573093498
Okhla,0.510896469
Okhla,1.177493502
Okhla,0.55972943
Okhla,0.46593018
Okhla,1.066787332
Okhla,1.115618844
Okhla,0.499064788
Okhla,1.450034148
Okhla,1.33458825
Okhla,0.991572597
Okhla,0.736520361
Okhla,0.573093498
Okhla,0.510896469
Okhla,1.177493502
Okhla,0.55972943
Okhla,0.46593018
Okhla,1.066787332
Okhla,1.115618844
Okhla,0.499064788
Okhla,1.450034148
Okhla,1.33458825
Okhla,0.991572597
Okhla,0.736520361
Okhla,0.573093498
Okhla,0.510896469
Okhla,1.177493502
Okhla,0.55972943
Okhla,0.46593018
Okhla,1.066787332
Okhla,1.115618844
Okhla,1.177493502
Okhla,0.55972943
Okhla,0.46593018
Okhla,1.066787332
Okhla,1.115618844
Palam Vihar,1.625515667
Palam Vihar,1.933479437
Palam Vihar,1.933479437
Palam Vihar,1.437076989
Palam Vihar,1.39285673
Palam Vihar,1.288234031
Palam Vihar,0.573339827
Palam Vihar,1.258507708
Palam Vihar,1.482149988
Palam Vihar,1.590919132
Palam Vihar,1.04895558
Palam Vihar,1.416678551
Palam Vihar,1.821563282
Palam Vihar,1.821563282
Palam Vihar,1.625515667
Palam Vihar,0.119714691
Palam Vihar,1.801147451
Palam Vihar,1.804570273
Palam Vihar,0.699240179
Palam Vihar,1.109448161
Palam Vihar,1.233269547
Palam Vihar,1.172812615
Palam Vihar,1.13601895
Palam Vihar,1.625515667
Palam Vihar,1.625515667
Palam Vihar,1.816957839
Palam Vihar,1.816957839
Palam Vihar,1.816957839
Palam Vihar,0.6074576
Palam Vihar,1.816957839
Palam Vihar,2.458165751
Palam Vihar,1.353298682
Paschim Vihar,0.045536342
Paschim Vihar,0.131185103
Paschim Vihar,0.045536342
Paschim Vihar,0.455284361
Paschim Vihar,0.462224484
Paschim Vihar,0.445544854
Paschim Vihar,1.178031407
Paschim Vihar,0.117621923
Paschim Vihar,0.096469086
Paschim Vihar,0.087123294
Paschim Vihar,0.106502656
Paschim Vihar,0.116259285
Paschim Vihar,0.045536342
Paschim Vihar,0.045536342
Paschim Vihar,0.045536342
Paschim Vihar,0.202018345
Paschim Vihar,0.045536342
Paschim Vihar,1.821563282
Paschim Vihar,2.525463998
Paschim Vihar,1.70617799
Paschim Vihar,0.698560053
Paschim Vihar,2.213495587
Paschim Vihar,0.402866586
Paschim Vihar,0.320226776
Paschim Vihar,1.048509405
Paschim Vihar,0.897771385
Paschim Vihar,1.450259986
Paschim Vihar,0.960262575
Paschim Vihar,0.58441541
Paschim Vihar,0.763982909
Paschim Vihar,2.003414014
Paschim Vihar,2.038772028
Paschim Vihar,0.586778033
Paschim Vihar,1.534837548
Paschim Vihar,0.487782954
Paschim Vihar,0.062700717
Paschim Vihar,1.723080182
Paschim Vihar,0.80961588
Paschim Vihar,1.177493502
Paschim Vihar,1.398026062
Paschim Vihar,0.510896469
Paschim Vihar,0.443891288
Paschim Vihar,0.048817075
Paschim Vihar,1.000555461
Paschim Vihar,2.163705457
Paschim Vihar,0.924607138
Paschim Vihar,0.497056437
Paschim Vihar,0.876365871
Paschim Vihar,1.915202983
Paschim Vihar,2.528786832
Patel Nagar,0.846084806
Patel Nagar,1.116611366
Patel Nagar,0.672351741
Patel Nagar,0.739457048
Patel Nagar,0.967019081
Patel Nagar,1.059467828
Patel Nagar,1.516446448
Patel Nagar,0.52631772
Patel Nagar,0.490903037
Patel Nagar,0.085937623
Patel Nagar,0.734829913
Patel Nagar,0.685612036
Patel Nagar,1.220919937
Patel Nagar,1.16326888
Patel Nagar,1.013952472
Patel Nagar,1.16326888
Patel Nagar,0.644108967
Patel Nagar,0.406658385
Patel Nagar,0.362650448
Patel Nagar,0.318390464
Patel Nagar,1.738646849
Patel Nagar,0.400657464
Patel Nagar,1.278626756
Patel Nagar,0.880461065
Patel Nagar,0.580647594
Patel Nagar,0.158623605
Patel Nagar,0.406751122
Patel Nagar,1.22150123
Patel Nagar,0.382958082
Patel Nagar,0.893258108
Patel Nagar,0.948347729
Patel Nagar,0.751783457
Patel Nagar,0.506519379
Patel Nagar,1.783925075
Patel Nagar,1.157738138
Patel Nagar,0.906024875
Patel Nagar,1.738646849
Patel Nagar,1.670563049
Patel Nagar,0.218827527
Patel Nagar,1.738646849
Patel Nagar,1.605967522
Patel Nagar,1.585058984
Patel Nagar,1.200811492
Patel Nagar,1.013952472
Patel Nagar,0.452986529
Patel Nagar,1.220919937
Patel Nagar,1.081391509
Patel Nagar,0.650307175
Patel Nagar,0.527599777
Patel Nagar,0.477369875
Patel Nagar,0.395156872
Patel Nagar,0.766019877
Patel Nagar,1.422992208
Patel Nagar,0.763058063
Patel Nagar,0.775124541
Patel Nagar,1.191706814
Patel Nagar,1.081391509
Pitampura,1.42389509
Pitampura,1.809371281
Pitampura,0.457110719
Pitampura,1.257802324
Pratap Nagar,0.408091289
Pratap Nagar,0.472334582
Pratap Nagar,1.213595104
Preet Vihar,0.777761571
Preet Vihar,1.309848309
Preet Vihar,1.085127653
Preet Vihar,0.654394613
Preet Vihar,0.613668221
Preet Vihar,1.560295623
Preet Vihar,1.135451339
Preet Vihar,1.422291198
Preet Vihar,0.599851343
Preet Vihar,0.791082345
Preet Vihar,1.359236155
Preet Vihar,1.635795899
Preet Vihar,0.845245202
Preet Vihar,1.257802324
Preet Vihar,0.130524455
Preet Vihar,1.496658966
Preet Vihar,0.794614804
Preet Vihar,0.858406365
Preet Vihar,1.219138568
Preet Vihar,0.513448535
Preet Vihar,1.364506287
Preet Vihar,0.452788366
Preet Vihar,0.701305251
Preet Vihar,1.370530249
Preet Vihar,1.210856733
Preet Vihar,0.672351741
Preet Vihar,1.213595104
Preet Vihar,0.472334582
Preet Vihar,0.840334584
Preet Vihar,1.085127653
Punjabi Bagh,0.244087329
Punjabi Bagh,0.488703774
Punjabi Bagh,0.883637198
Punjabi Bagh,0.358243969
Punjabi Bagh,0.20989577
Punjabi Bagh,0.205857433
Punjabi Bagh,1.330107129
Punjabi Bagh,0.902278671
Punjabi Bagh,0.88456715
Punjabi Bagh,0.671541986
Punjabi Bagh,0.124654933
Punjabi Bagh,0.556456175
Punjabi Bagh,0.826062169
Punjabi Bagh,0.826062169
Punjabi Bagh,0.265004061
Punjabi Bagh,0.160203616
Punjabi Bagh,0.268216472
Punjabi Bagh,0.551115472
Punjabi Bagh,0.645711147
Punjabi Bagh,0.25477196
Punjabi Bagh,1.444537162
Punjabi Bagh,0.198516089
Punjabi Bagh,0.488703774
Punjabi Bagh,1.220919937
Punjabi Bagh,1.553728543
Punjabi Bagh,0.404506569
Punjabi Bagh,0.179828302
Punjabi Bagh,0.879881785
Punjabi Bagh,1.161913476
Punjabi Bagh,0.26710013
Punjabi Bagh,1.506161541
Punjabi Bagh,0.352814836
Punjabi Bagh,0.289070082
Punjabi Bagh,0.523825928
Rajendra Nagar,1.282366086
Rajendra Nagar,1.816957839
Rajendra Nagar,0.257842944
Rajendra Nagar,1.365663653
Rajendra Nagar,1.172812615
Rajendra Nagar,1.172812615
Rajendra Nagar,1.172812615
Rajendra Nagar,1.172812615
Rajendra Nagar,1.483131301
Rajendra Nagar,0.488541644
Rajendra Nagar,0.425036272
Rajendra Nagar,0.012295546
Rajendra Nagar,1.519644744
Rajendra Nagar,0.4995452
Rajendra Nagar,1.549500476
Rajendra Nagar,0.567603461
Rajendra Nagar,0.351868116
Rajendra Nagar,1.334415481
Rajendra Nagar,1.904290311
Rajendra Nagar,0.425036272
Rajendra Nagar,0.213338503
Rajendra Nagar,0.213338503
Rajendra Nagar,0.832019812
Rajendra Nagar,0.284213899
Rajendra Nagar,1.232140384
Rajendra Nagar,1.221377894
Rajendra Nagar,1.22752703
Rajendra Nagar,0.079739922
Rajendra Nagar,1.219273514
Rajendra Nagar,0.336771084
Rajendra Nagar,2.378151172
Rajendra Nagar,2.145799688
Rajendra Nagar,2.019944073
Rajendra Nagar,0.832410323
Rajendra Nagar,0.963747255
Rajendra Nagar,2.252608596
Rajendra Nagar,0.4995452
Rajendra Nagar,0.30504325
Rajendra Nagar,2.697735768
Rajendra Nagar,0.805023504
Rajendra Nagar,0.510896469
Rajendra Nagar,1.617164697
Rajendra Nagar,1.09821197
Rajouri Garden,0.007986631
Rajouri Garden,0.678809036
Rajouri Garden,0.574097997
Rajouri Garden,0.986801135
Rajouri Garden,0.579242383
Rajouri Garden,0.152331077
Rajouri Garden,0.315881006
Rajouri Garden,0.142881236
Rajouri Garden,0.235860831
Rajouri Garden,0.224370222
Rohini Sub City,0.079541514
Rohini Sub City,0.153347343
Rohini Sub City,0.410735237
Rohini Sub City,0.668937729
Rohini Sub City,0.470819901
Rohini Sub City,0.470819901
Rohini Sub City,0.310148738
Rohini Sub City,0.226513194
Rohini Sub City,0.465709429
Rohini Sub City,0.397969347
Rohini Sub City,0.310148738
Rohini Sub City,0.310148738
Rohini Sub City,0.079541514
Rohini Sub City,0.153347343
Rohini Sub City,0.153347343
Rohini Sub City,0.310148738
Rohini Sub City,0.745587463
Rohini Sub City,0.01492915
Rohini Sub City,1.040805461
Rohini Sub City,0.310148738
Rohini Sub City,0.456611299
Rohini Sub City,0.456611299
Rohini Sub City,0.745587463
Rohini Sub City,0.01492915
Rohini Sub City,0.01492915
Rohini Sub City,0.668937729
Rohini Sub City,0.420359059
Rohini Sub City,0.01492915
Rohini Sub City,1.040805461
Rohini Sub City,0.310148738
Rohini Sub City,0.01492915
Rohini Sub City,0.668937729
Rohini Sub City,0.079541514
Rohini Sub City,0.668937729
Rohini Sub City,0.079541514
Rohini Sub City,0.54750543
Rohini Sub City,0.479980178
Rohini Sub City,0.494929059
Rohini Sub City,0.147488269
Rohini Sub City,0.668937729
Rohini Sub City,0.01492915
Rohini Sub City,0.668937729
Rohini Sub City,1.040805461
Rohini Sub City,0.310148738
Rohini Sub City,0.01492915
Rohini Sub City,1.040805461
Rohini Sub City,0.668937729
Rohini Sub City,0.668937729
Rohini Sub City,0.310148738
Rohini Sub City,0.310148738
Rohini Sub City,0.410735237
Rohini Sub City,0.079541514
Rohini Sub City,0.152331077
Rohini Sub City,0.651295763
Rohini Sub City,0.341476521
Rohini Sub City,0.668937729
Rohini Sub City,0.310148738
Rohini Sub City,0.630028323
Rohini Sub City,0.448630164
Rohini Sub City,0.315956203
Rohini Sub City,0.668937729
Rohini Sub City,0.074120767
Rohini Sub City,0.310148738
Rohini Sub City,0.630028323
Rohini Sub City,0.01492915
Rohini Sub City,0.01492915
Rohini Sub City,0.456611299
Rohini Sub City,0.668937729
Rohini Sub City,0.153347343
Rohini Sub City,0.671075923
Rohini Sub City,0.310148738
Rohini Sub City,0.668937729
Rohini Sub City,0.668937729
Rohini Sub City,0.152331077
Rohini Sub City,0.668937729
Rohini Sub City,0.154058196
Rohini Sub City,0.294108393
Rohini Sub City,0.310148738
Rohini Sub City,0.48945029
Rohini Sub City,0.668937729
Rohini Sub City,0.668937729
Rohini Sub City,0.668937729
Rohini Sub City,0.410735237
Rohini Sub City,0.914239533
Rohini Sub City,0.668937729
Rohini Sub City,0.456611299
Rohini Sub City,0.240719178
Rohini Sub City,0.737375338
Rohini Sub City,0.112999017
Rohini Sub City,0.007986631
Rohini Sub City,0.152331077
Rohini Sub City,0.485709239
Rohini Sub City,0.223624948
Rohini Sub City,0.457725944
Rohini Sub City,0.366919956
Rohini Sub City,0.410735237
Rohini Sub City,0.410735237
Rohini Sub City,0.668937729
Rohini Sub City,1.040805461
Rohini Sub City,0.410735237
Rohini Sub City,0.34187966
Rohini Sub City,0.646309929
Rohini Sub City,0.269386097
Rohini Sub City,0.410735237
Rohini Sub City,0.410735237
Safdarjung Enclave,0.343269435
Safdarjung Enclave,0.421436636
Safdarjung Enclave,0.278894654
Safdarjung Enclave,0.42008933
Safdarjung Enclave,1.007670153
Safdarjung Enclave,0.797097331
Safdarjung Enclave,0.953566146
Safdarjung Enclave,0.962816343
Safdarjung Enclave,0.823051698
Safdarjung Enclave,0.518753199
Safdarjung Enclave,0.305112451
Safdarjung Enclave,0.346899353
Safdarjung Enclave,0.392999661
Safdarjung Enclave,0.375531928
Safdarjung Enclave,0.471685891
Safdarjung Enclave,0.652400399
Safdarjung Enclave,1.042337937
Safdarjung Enclave,0.083059316
Safdarjung Enclave,0.820838866
Safdarjung Enclave,0.699386472
Safdarjung Enclave,0.343988022
Safdarjung Enclave,0.798641486
Safdarjung Enclave,0.760826385
Safdarjung Enclave,0.852391892
Safdarjung Enclave,0.903828603
Safdarjung Enclave,0.649873058
Safdarjung Enclave,0.414432027
Safdarjung Enclave,0.710596167
Safdarjung Enclave,0.607941147
Safdarjung Enclave,0.689761613
Safdarjung Enclave,0.618661183
Saket,0.705854373
Saket,0.454107499
Saket,0.478919579
Saket,0.29533942
Saket,0.516016143
Saket,0.742093705
Saket,0.733139309
Saket,0.404356226
Saket,0.685810398
Saket,0.337904263
Saket,0.580096723
Saket,0.57964295
Saket,0.413137855
Saket,0.34565727
Saket,0.703484326
Saket,0.69689754
Saket,0.81103556
Saket,0.580047353
Saket,0.626624628
Saket,0.702383341
Saket,0.445527489
Saket,0.398250504
Saket,0.075569019
Saket,0.375257166
Saket,0.317718282
Saket,0.757720792
Saket,0.392514786
Saket,0.350652617
Saket,0.207630075
Saket,1.037055424
Saket,0.794775997
Saket,0.797097331
Saket,0.698434703
Saket,0.797097331
Saket,0.875832857
Saket,0.797097331
Saket,0.894529058
Saket,0.949769553
Saket,0.638795608
Saket,0.470819901
Saket,0.835395111
Saket,0.76603344
Sarita Vihar,0.48945029
Sarita Vihar,0.675740944
Sarita Vihar,0.315956203
Sarita Vihar,0.140966651
Sarita Vihar,0.344756869
Sarita Vihar,0.37272745
Sarita Vihar,1.040805461
Sarita Vihar,0.108853806
Sarita Vihar,0.147488269
Sarita Vihar,0.668937729
Sarita Vihar,0.075569019
Sarita Vihar,0.668937729
Sarita Vihar,0.01492915
Sarita Vihar,0.310148738
Sarita Vihar,0.153347343
Sarita Vihar,0.140966651
Sarita Vihar,0.147488269
Sarita Vihar,0.668937729
Sarita Vihar,0.668937729
Sarita Vihar,0.48945029
Sarita Vihar,0.675740944
Sarita Vihar,0.315956203
Sarita Vihar,0.140966651
Sarita Vihar,0.344756869
Sarita Vihar,0.37272745
Sarita Vihar,1.040805461
Sarita Vihar,0.108853806
Sarita Vihar,0.147488269
Seelampur,0.658033946
Seelampur,0.865680086
Seelampur,0.763430864
Shahdara,0.778115946
Shahdara,0.778115946
Shahdara,0.529438197
Shahdara,0.879817593
Shahdara,0.786980038
Shahdara,0.879817593
Shahdara,1.373116736
Shahdara,0.783834694
Shahdara,0.866298237
Shahdara,0.874338235
Shahdara,0.816011389
Shahdara,0.816011389
Shahdara,0.816011389
Shahdara,1.923540436
Shahdara,0.778115946
Shahdara,0.529438197
Shahdara,0.319355227
Shahdara,3.13522571
Shahdara,3.826687295
Shahdara,3.13522571
Shahdara,2.004988944
Shahdara,0.166503807
Shahdara,0.551663151
Shahdara,0.551663151
Shahdara,0.551663151
Shahdara,0.987219471
Shahdara,1.320361577
Shahdara,0.529438197
Shahdara,0.310141919
Shahdara,0.211245287
Shahdara,0.994654694
Shahdara,1.428505713
Shahdara,0.310141919
Shahdara,0.967121364
Shahdara,0.967121364
Shahdara,0.967121364
Shahdara,0.967121364
Sultanpur,0.471971717
Sultanpur,1.41197962
Sultanpur,0.775260175
Sultanpur,1.41197962
Sultanpur,1.41197962
Sultanpur,1.41197962
Sultanpur,1.41197962
Sultanpur,1.41197962
Sultanpur,1.41197962
Sultanpur,1.41197962
Sultanpur,1.41197962
Sultanpur,0.529438197
Sultanpur,0.529438197
Sultanpur,0.529438197
Sultanpur,0.529438197
Sultanpur,0.529438197
Sultanpur,0.529438197
Sultanpur,0.529438197
Sultanpur,0.529438197
Sultanpur,2.383065343
Sultanpur,0.211245287
Sultanpur,0.256107379
Sultanpur,1.29220295
Sultanpur,0.961792518
Sultanpur,0.915734203
Sultanpur,0.529438197
Sultanpur,0.551663151
Sultanpur,0.552213927
Sultanpur,1.27214301
Sultanpur,1.27214301
Sultanpur,0.736940707
Uttam Nagar,0.908692834
Uttam Nagar,1.892718638
Uttam Nagar,0.905253129
Uttam Nagar,0.671715693
Uttam Nagar,65.86662303
Uttam Nagar,0.461929201
Uttam Nagar,0.96395187
Uttam Nagar,0.357371238
Uttam Nagar,0.823047036
Uttam Nagar,0.989941774
Uttam Nagar,2.59324097
Uttam Nagar,0.563613233
Uttam Nagar,1.013991526
Uttam Nagar,1.357267116
Uttam Nagar,0.589280452
Uttam Nagar,0.424650996
Uttam Nagar,2.216309142
Uttam Nagar,0.592295704
Uttam Nagar,0.127956574
Uttam Nagar,0.472237373
Uttam Nagar,0.552555346
Uttam Nagar,0.866957123
Uttam Nagar,0.762168955
Uttam Nagar,1.092681524
Uttam Nagar,1.083150016
Uttam Nagar,0.984615473
Uttam Nagar,0.558552586
Uttam Nagar,2.819000115
Uttam Nagar,1.115219191
Uttam Nagar,1.820415141
Uttam Nagar,0.214580932
Uttam Nagar,1.021161455
Uttam Nagar,0.203635268
Uttam Nagar,0.192389117
Uttam Nagar,0.92142185
Uttam Nagar,0.16327087
Uttam Nagar,0.69592548
Uttam Nagar,0.758088119
Uttam Nagar,0.203635268
Uttam Nagar,0.16327087
Uttam Nagar,2.509844455
Uttam Nagar,2.203060025
Uttam Nagar,1.317462064
Uttam Nagar,0.16327087
Uttam Nagar,0.203635268
Uttam Nagar,2.865939663
Uttam Nagar,2.865939663
Uttam Nagar,1.993469352
Uttam Nagar,0.787068064
Uttam Nagar,1.166866697
Uttam Nagar,0.187746631
Uttam Nagar,2.865939663
Uttam Nagar,0.13360856
Uttam Nagar,0.203635268
Uttam Nagar,0.16327087
Uttam Nagar,0.787068064
Uttam Nagar,1.092425397
Uttam Nagar,0.16327087
Uttam Nagar,0.16327087
Uttam Nagar,0.71105957
Uttam Nagar,0.71105957
Uttam Nagar,0.16327087
Uttam Nagar,0.714320571
Uttam Nagar,0.714320571
Uttam Nagar,0.16327087
Uttam Nagar,0.16327087
Uttam Nagar,0.16327087
Uttam Nagar,0.16327087
Uttam Nagar,1.566427637
Uttam Nagar,0.714320571
Uttam Nagar,0.203635268
Uttam Nagar,0.203635268
Uttam Nagar,0.16327087
Uttam Nagar,0.203635268
Uttam Nagar,0.16327087
Uttam Nagar,0.16327087
Uttam Nagar,0.16327087
Uttam Nagar,0.16327087
Uttam Nagar,0.16327087
Uttam Nagar,0.203635268
Uttam Nagar,0.16327087
Uttam Nagar,0.16327087
Uttam Nagar,0.203635268
Uttam Nagar,0.16327087
Uttam Nagar,1.940461406
Uttam Nagar,1.226265696
Uttam Nagar,0.203635268
Uttam Nagar,0.16327087
Uttam Nagar,0.16327087
Uttam Nagar,0.16327087
Uttam Nagar,1.438728658
Uttam Nagar,0.16327087
Uttam Nagar,0.203635268
Uttam Nagar,0.203635268
Uttam Nagar,0.16327087
Uttam Nagar,0.203635268
Uttam Nagar,0.203635268
Uttam Nagar,0.203635268
Vasant Kunj,1.749549353
Vasant Kunj,0.764528577
Vasant Kunj,0.522372573
Vasant Kunj,0.120574048
Vasant Kunj,0.624866386
Vasant Kunj,0.935242007
Vasant Kunj,0.374391313
Vasant Kunj,0.781707855
Vasant Kunj,1.080946061
Vasant Kunj,0.863534019
Vasant Kunj,1.528794029
Vasant Kunj,1.330013925
Vasant Kunj,0.375785147
Vasant Kunj,0.682164752
Vasant Kunj,1.749549353
Vasant Kunj,0.624866386
Vasant Kunj,0.446772239
Vasant Kunj,0.781707855
Vasant Kunj,1.528794029
Vasant Kunj,1.330013925
Vasant Kunj,0.863534019
Vasant Kunj,0.946610371
Vasant Kunj,0.781707855
Vasant Kunj,0.86864979
Vasant Kunj,1.528794029
Vasant Kunj,1.330013925
Vasant Kunj,0.863534019
Vasant Kunj,0.814388364
Vasant Kunj,0.781707855
Vasant Kunj,1.528794029
Vasant Kunj,0.863534019
Vasant Kunj,0.863534019
Vasant Kunj,0.863534019
Vasant Kunj,0.863534019
Vasant Kunj,0.839561542
Vasant Kunj,0.863125902
Vasant Kunj,1.125940192
Vasant Kunj,0.863534019
Vasant Kunj,0.863534019
Vasant Kunj,0.863534019
Vasant Kunj,0.863534019
Vasant Vihar,0.581003149
Vasant Vihar,0.494116553
Vasundhara Enclave,0.51210331
Vasundhara Enclave,0.467687412
Vasundhara Enclave,1.039400635
Vasundhara Enclave,0.461188849
Vasundhara Enclave,0.74498154
Vasundhara Enclave,0.486658516
Vasundhara Enclave,0.286662483
Vasundhara Enclave,0.276054745
Vasundhara Enclave,0.461188849
Vasundhara Enclave,0.155560492
Vasundhara Enclave,0.102042722
Vasundhara Enclave,0.461538652
Vasundhara Enclave,0.35124763
Vasundhara Enclave,0.653545757
Vasundhara Enclave,0.425040417
Vasundhara Enclave,0.395513397
Vasundhara Enclave,0.461188849
Vasundhara Enclave,0.51210331
Vasundhara Enclave,0.762120039
Vasundhara Enclave,0.878735051
Vasundhara Enclave,0.146163666
Vasundhara Enclave,0.100885356
Vasundhara Enclave,0.461538652
Vasundhara Enclave,1.039400635
Vasundhara Enclave,0.115242993
Vasundhara Enclave,0.494539403
Vasundhara Enclave,0.425040417
Vasundhara Enclave,0.395513397
Vasundhara Enclave,0.461538652
Vasundhara Enclave,0.682111625
Vasundhara Enclave,0.805184057
Vasundhara Enclave,0.459866548
Vasundhara Enclave,0.77707718
Vasundhara Enclave,0.726744078
Vasundhara Enclave,0.425040417
Vasundhara Enclave,0.583725998
Vasundhara Enclave,0.588683463
Vasundhara Enclave,0.51210331
Vasundhara Enclave,0.461538652
Vasundhara Enclave,0.816011389
Vasundhara Enclave,0.712296058
Vasundhara Enclave,0.439915442
Vikaspuri,0.653545757
Vikaspuri,0.653545757
Vikaspuri,0.653545757
Vikaspuri,0.653545757
Vikaspuri,0.653545757
Vikaspuri,0.322744455
Vikaspuri,0.653545757
Vikaspuri,0.653545757
Vikaspuri,0.653545757
Vikaspuri,0.650963567
Vikaspuri,0.653545757
Vikaspuri,0.653545757
Vikaspuri,0.78518084
Vikaspuri,0.72271517
Vikaspuri,0.653545757
Vikaspuri,0.653660353
Vikaspuri,0.544316206
Vikaspuri,0.653545757
Vikaspuri,0.653545757
Vikaspuri,0.653545757
Vikaspuri,0.653545757
Vikaspuri,1.130053274
Vikaspuri,0.737054984
Vikaspuri,0.893365529
Vikaspuri,0.457528182
Vikaspuri,0.654132075
Vikaspuri,0.654132075
Vikaspuri,0.654132075
Vikaspuri,0.654132075
Vikaspuri,0.654132075
Vikaspuri,0.654132075
Vikaspuri,0.654132075
Vikaspuri,0.720455683
Vikaspuri,0.9409638
Vikaspuri,0.729071556
Vikaspuri,0.816405165
Vikaspuri,1.106644722
Vikaspuri,0.465141302
Vikaspuri,0.59254266
Vikaspuri,0.843741599
Vikaspuri,0.494148514
Vikaspuri,0.812053386
Vikaspuri,0.865088834
Vishwas Nagar,0.413456957
Vishwas Nagar,0.418335592
Vishwas Nagar,0.412807389
Yamuna Vihar,0.816011389
Yamuna Vihar,0.265522626
Yamuna Vihar,0.395513397
Yamuna Vihar,0.465141302
Yamuna Vihar,0.59254266
Yamuna Vihar,0.843741599
Yamuna Vihar,0.494148514
Yamuna Vihar,0.812053386
Yamuna Vihar,0.865088834
Yamuna Vihar,0.513763988
Yamuna Vihar,0.618041371
Yamuna Vihar,0.609087055
Yamuna Vihar,0.747523909
Yamuna Vihar,0.169761694
Yamuna Vihar,0.743848977
Yamuna Vihar,0.461538652
Yamuna Vihar,0.892141232
Yamuna Vihar,0.461538652
Yamuna Vihar,0.461538652
Yamuna Vihar,0.21648813
Yamuna Vihar,0.892141232
Yamuna Vihar,0.427351577
Yamuna Vihar,0.424556421
Yamuna Vihar,0.461538652
Yamuna Vihar,0.461538652
Yamuna Vihar,0.490408306
Yamuna Vihar,0.58604064
Yamuna Vihar,0.816011389
Yamuna Vihar,0.816011389
Yamuna Vihar,0.743289495
